V,socks,home.html,1,24.43.221.254,"Thursday, 11. December 2014 12:51AM","Mozilla/5.0 (Macintosh; Intel Mac OS X 10_10_1) AppleWebKit/537.36 (KHTML, like Gecko) Chrome/39.0.2171.71 Safari/537.36"
V,socks,links.html,1,24.43.221.254,"Thursday, 11. December 2014 12:51AM","Mozilla/5.0 (Macintosh; Intel Mac OS X 10_10_1) AppleWebKit/537.36 (KHTML, like Gecko) Chrome/39.0.2171.71 Safari/537.36"
V,socks,shorts.html/jhFbZvGwEd_,1,24.43.221.254,"Thursday, 11. December 2014 12:52AM","Mozilla/5.0 (Macintosh; Intel Mac OS X 10_10_1) AppleWebKit/537.36 (KHTML, like Gecko) Chrome/39.0.2171.71 Safari/537.36"
V,socks,home.html,1,24.43.221.254,"Thursday, 11. December 2014 12:52AM","Mozilla/5.0 (Macintosh; Intel Mac OS X 10_10_1) AppleWebKit/537.36 (KHTML, like Gecko) Chrome/39.0.2171.71 Safari/537.36"
V,anonymous,home.html,1,24.43.221.254,"Thursday, 11. December 2014 12:52AM","Mozilla/5.0 (Macintosh; Intel Mac OS X 10_10_1) AppleWebKit/537.36 (KHTML, like Gecko) Chrome/39.0.2171.71 Safari/537.36"
S,anonymous,home.html,1,24.43.221.254,"Thursday, 11. December 2014 12:52AM","Mozilla/5.0 (Macintosh; Intel Mac OS X 10_10_1) AppleWebKit/537.36 (KHTML, like Gecko) Chrome/39.0.2171.71 Safari/537.36"
V,socks,profile.html,1,24.43.221.254,"Thursday, 11. December 2014 12:52AM","Mozilla/5.0 (Macintosh; Intel Mac OS X 10_10_1) AppleWebKit/537.36 (KHTML, like Gecko) Chrome/39.0.2171.71 Safari/537.36"
V,socks,home.html,1,24.43.221.254,"Thursday, 11. December 2014 12:52AM","Mozilla/5.0 (Macintosh; Intel Mac OS X 10_10_1) AppleWebKit/537.36 (KHTML, like Gecko) Chrome/39.0.2171.71 Safari/537.36"
V,socks,links.html,1,24.43.221.254,"Thursday, 11. December 2014 12:52AM","Mozilla/5.0 (Macintosh; Intel Mac OS X 10_10_1) AppleWebKit/537.36 (KHTML, like Gecko) Chrome/39.0.2171.71 Safari/537.36"
V,socks,shorts.html/jhFbZvGwEd,1,24.43.221.254,"Thursday, 11. December 2014 12:52AM","Mozilla/5.0 (Macintosh; Intel Mac OS X 10_10_1) AppleWebKit/537.36 (KHTML, like Gecko) Chrome/39.0.2171.71 Safari/537.36"
V,socks,home.html,1,24.43.221.254,"Thursday, 11. December 2014 12:53AM","Mozilla/5.0 (Macintosh; Intel Mac OS X 10_10_1) AppleWebKit/537.36 (KHTML, like Gecko) Chrome/39.0.2171.71 Safari/537.36"
V,socks,links.html,1,24.43.221.254,"Thursday, 11. December 2014 12:53AM","Mozilla/5.0 (Macintosh; Intel Mac OS X 10_10_1) AppleWebKit/537.36 (KHTML, like Gecko) Chrome/39.0.2171.71 Safari/537.36"
V,socks,shorts.html/jhFbZvGwEd,1,24.43.221.254,"Thursday, 11. December 2014 12:53AM","Mozilla/5.0 (Macintosh; Intel Mac OS X 10_10_1) AppleWebKit/537.36 (KHTML, like Gecko) Chrome/39.0.2171.71 Safari/537.36"
V,socks,shorts.html/jhFbZvGwEd_,1,24.43.221.254,"Thursday, 11. December 2014 12:56AM","Mozilla/5.0 (Macintosh; Intel Mac OS X 10_10_1) AppleWebKit/537.36 (KHTML, like Gecko) Chrome/39.0.2171.71 Safari/537.36"
V,socks,home.html,1,24.43.221.254,"Thursday, 11. December 2014 01:06AM","Mozilla/5.0 (Macintosh; Intel Mac OS X 10_10_1) AppleWebKit/537.36 (KHTML, like Gecko) Chrome/39.0.2171.71 Safari/537.36"
V,socks,links.html,1,24.43.221.254,"Thursday, 11. December 2014 01:06AM","Mozilla/5.0 (Macintosh; Intel Mac OS X 10_10_1) AppleWebKit/537.36 (KHTML, like Gecko) Chrome/39.0.2171.71 Safari/537.36"
V,socks,shorts.html/jhFbZvGwEd_,1,24.43.221.254,"Thursday, 11. December 2014 01:06AM","Mozilla/5.0 (Macintosh; Intel Mac OS X 10_10_1) AppleWebKit/537.36 (KHTML, like Gecko) Chrome/39.0.2171.71 Safari/537.36"
V,socks,shorts.html/jhFbZvGwEd,1,24.43.221.254,"Thursday, 11. December 2014 01:07AM","Mozilla/5.0 (Macintosh; Intel Mac OS X 10_10_1) AppleWebKit/537.36 (KHTML, like Gecko) Chrome/39.0.2171.71 Safari/537.36"
V,socks,home.html,1,24.43.221.254,"Thursday, 11. December 2014 11:13AM","Mozilla/5.0 (Macintosh; Intel Mac OS X 10_10_1) AppleWebKit/537.36 (KHTML, like Gecko) Chrome/39.0.2171.71 Safari/537.36"
V,socks,profile.html,1,24.43.221.254,"Thursday, 11. December 2014 11:13AM","Mozilla/5.0 (Macintosh; Intel Mac OS X 10_10_1) AppleWebKit/537.36 (KHTML, like Gecko) Chrome/39.0.2171.71 Safari/537.36"
V,socks,home.html,1,24.43.221.254,"Thursday, 11. December 2014 11:13AM","Mozilla/5.0 (Macintosh; Intel Mac OS X 10_10_1) AppleWebKit/537.36 (KHTML, like Gecko) Chrome/39.0.2171.71 Safari/537.36"
V,socks,links.html,1,24.43.221.254,"Thursday, 11. December 2014 11:14AM","Mozilla/5.0 (Macintosh; Intel Mac OS X 10_10_1) AppleWebKit/537.36 (KHTML, like Gecko) Chrome/39.0.2171.71 Safari/537.36"
V,socks,shorts.html/jhFbZvGwEd_,1,24.43.221.254,"Thursday, 11. December 2014 11:14AM","Mozilla/5.0 (Macintosh; Intel Mac OS X 10_10_1) AppleWebKit/537.36 (KHTML, like Gecko) Chrome/39.0.2171.71 Safari/537.36"
V,socks,shorts.html/jhFbZvGwEd,1,24.43.221.254,"Thursday, 11. December 2014 11:14AM","Mozilla/5.0 (Macintosh; Intel Mac OS X 10_10_1) AppleWebKit/537.36 (KHTML, like Gecko) Chrome/39.0.2171.71 Safari/537.36"
V,socks,home.html,1,24.43.221.254,"Thursday, 11. December 2014 11:19AM","Mozilla/5.0 (Macintosh; Intel Mac OS X 10_10_1) AppleWebKit/537.36 (KHTML, like Gecko) Chrome/39.0.2171.71 Safari/537.36"
V,socks,home.html,1,24.43.221.254,"Thursday, 11. December 2014 11:19AM","Mozilla/5.0 (Macintosh; Intel Mac OS X 10_10_1) AppleWebKit/537.36 (KHTML, like Gecko) Chrome/39.0.2171.71 Safari/537.36"
V,socks,links.html,1,24.43.221.254,"Thursday, 11. December 2014 11:20AM","Mozilla/5.0 (Macintosh; Intel Mac OS X 10_10_1) AppleWebKit/537.36 (KHTML, like Gecko) Chrome/39.0.2171.71 Safari/537.36"
V,socks,shorts.html/jhFbZvGwEd_,1,24.43.221.254,"Thursday, 11. December 2014 11:20AM","Mozilla/5.0 (Macintosh; Intel Mac OS X 10_10_1) AppleWebKit/537.36 (KHTML, like Gecko) Chrome/39.0.2171.71 Safari/537.36"
V,socks,home.html,1,24.43.221.254,"Thursday, 11. December 2014 12:01PM","Mozilla/5.0 (Macintosh; Intel Mac OS X 10_10_1) AppleWebKit/537.36 (KHTML, like Gecko) Chrome/39.0.2171.71 Safari/537.36"
V,anonymous,home.html,1,24.43.221.254,"Thursday, 11. December 2014 12:01PM","Mozilla/5.0 (Macintosh; Intel Mac OS X 10_10_1) AppleWebKit/537.36 (KHTML, like Gecko) Chrome/39.0.2171.71 Safari/537.36"
V,anonymous,shorts.html/GUSvmsISQf,1,24.43.221.254,"Thursday, 11. December 2014 12:02PM","Mozilla/5.0 (Macintosh; Intel Mac OS X 10_10_1) AppleWebKit/537.36 (KHTML, like Gecko) Chrome/39.0.2171.71 Safari/537.36"
S,anonymous,home.html,1,24.43.221.254,"Thursday, 11. December 2014 12:02PM","Mozilla/5.0 (Macintosh; Intel Mac OS X 10_10_1) AppleWebKit/537.36 (KHTML, like Gecko) Chrome/39.0.2171.71 Safari/537.36"
V,socks,links.html,1,24.43.221.254,"Thursday, 11. December 2014 12:02PM","Mozilla/5.0 (Macintosh; Intel Mac OS X 10_10_1) AppleWebKit/537.36 (KHTML, like Gecko) Chrome/39.0.2171.71 Safari/537.36"
V,socks,home.html,1,24.43.221.254,"Thursday, 11. December 2014 12:02PM","Mozilla/5.0 (Macintosh; Intel Mac OS X 10_10_1) AppleWebKit/537.36 (KHTML, like Gecko) Chrome/39.0.2171.71 Safari/537.36"
V,socks,shorts.html/cgMrbuMtnP,1,24.43.221.254,"Thursday, 11. December 2014 12:02PM","Mozilla/5.0 (Macintosh; Intel Mac OS X 10_10_1) AppleWebKit/537.36 (KHTML, like Gecko) Chrome/39.0.2171.71 Safari/537.36"
V,socks,shorts.html/cgMrbuMtnP_,1,24.43.221.254,"Thursday, 11. December 2014 12:03PM","Mozilla/5.0 (Macintosh; Intel Mac OS X 10_10_1) AppleWebKit/537.36 (KHTML, like Gecko) Chrome/39.0.2171.71 Safari/537.36"
V,socks,shorts.html/cgMrbuMtnP,1,24.43.221.254,"Thursday, 11. December 2014 12:03PM","Mozilla/5.0 (Macintosh; Intel Mac OS X 10_10_1) AppleWebKit/537.36 (KHTML, like Gecko) Chrome/39.0.2171.71 Safari/537.36"
V,socks,shorts.html/cgMrbuMtnP_,1,24.43.221.254,"Thursday, 11. December 2014 12:03PM","Mozilla/5.0 (Macintosh; Intel Mac OS X 10_10_1) AppleWebKit/537.36 (KHTML, like Gecko) Chrome/39.0.2171.71 Safari/537.36"
V,socks,home.html,1,24.43.221.254,"Thursday, 11. December 2014 12:03PM","Mozilla/5.0 (Macintosh; Intel Mac OS X 10_10_1) AppleWebKit/537.36 (KHTML, like Gecko) Chrome/39.0.2171.71 Safari/537.36"
V,kdabwan,home.html,1,50.152.210.13,"Thursday, 11. December 2014 12:13PM","Mozilla/5.0 (Macintosh; Intel Mac OS X 10_10_1) AppleWebKit/537.36 (KHTML, like Gecko) Chrome/39.0.2171.71 Safari/537.36"
V,kdabwan,profile.html,1,50.152.210.13,"Thursday, 11. December 2014 12:13PM","Mozilla/5.0 (Macintosh; Intel Mac OS X 10_10_1) AppleWebKit/537.36 (KHTML, like Gecko) Chrome/39.0.2171.71 Safari/537.36"
V,kdabwan,home.html,1,50.152.210.13,"Thursday, 11. December 2014 12:13PM","Mozilla/5.0 (Macintosh; Intel Mac OS X 10_10_1) AppleWebKit/537.36 (KHTML, like Gecko) Chrome/39.0.2171.71 Safari/537.36"
V,kdabwan,links.html,1,50.152.210.13,"Thursday, 11. December 2014 12:13PM","Mozilla/5.0 (Macintosh; Intel Mac OS X 10_10_1) AppleWebKit/537.36 (KHTML, like Gecko) Chrome/39.0.2171.71 Safari/537.36"
V,kdabwan,home.html,1,50.152.210.13,"Thursday, 11. December 2014 12:13PM","Mozilla/5.0 (Macintosh; Intel Mac OS X 10_10_1) AppleWebKit/537.36 (KHTML, like Gecko) Chrome/39.0.2171.71 Safari/537.36"
V,kdabwan,links.html,1,50.152.210.13,"Thursday, 11. December 2014 12:13PM","Mozilla/5.0 (Macintosh; Intel Mac OS X 10_10_1) AppleWebKit/537.36 (KHTML, like Gecko) Chrome/39.0.2171.71 Safari/537.36"
V,kdabwan,shorts.html/fcdnutAcTS_,1,50.152.210.13,"Thursday, 11. December 2014 12:14PM","Mozilla/5.0 (Macintosh; Intel Mac OS X 10_10_1) AppleWebKit/537.36 (KHTML, like Gecko) Chrome/39.0.2171.71 Safari/537.36"
V,kdabwan,links.html,1,50.152.210.13,"Thursday, 11. December 2014 12:14PM","Mozilla/5.0 (Macintosh; Intel Mac OS X 10_10_1) AppleWebKit/537.36 (KHTML, like Gecko) Chrome/39.0.2171.71 Safari/537.36"
V,kdabwan,links.html,1,50.152.210.13,"Thursday, 11. December 2014 12:14PM","Mozilla/5.0 (Macintosh; Intel Mac OS X 10_10_1) AppleWebKit/537.36 (KHTML, like Gecko) Chrome/39.0.2171.71 Safari/537.36"
V,kdabwan,links.html,1,50.152.210.13,"Thursday, 11. December 2014 12:15PM","Mozilla/5.0 (Macintosh; Intel Mac OS X 10_10_1) AppleWebKit/537.36 (KHTML, like Gecko) Chrome/39.0.2171.71 Safari/537.36"
V,kdabwan,links.html,1,50.152.210.13,"Thursday, 11. December 2014 12:15PM","Mozilla/5.0 (Macintosh; Intel Mac OS X 10_10_1) AppleWebKit/537.36 (KHTML, like Gecko) Chrome/39.0.2171.71 Safari/537.36"
V,kdabwan,links.html,1,50.152.210.13,"Thursday, 11. December 2014 12:16PM","Mozilla/5.0 (Macintosh; Intel Mac OS X 10_10_1) AppleWebKit/537.36 (KHTML, like Gecko) Chrome/39.0.2171.71 Safari/537.36"
V,kdabwan,links.html,1,50.152.210.13,"Thursday, 11. December 2014 12:16PM","Mozilla/5.0 (Macintosh; Intel Mac OS X 10_10_1) AppleWebKit/537.36 (KHTML, like Gecko) Chrome/39.0.2171.71 Safari/537.36"
V,kdabwan,links.html,1,50.152.210.13,"Thursday, 11. December 2014 12:16PM","Mozilla/5.0 (Macintosh; Intel Mac OS X 10_10_1) AppleWebKit/537.36 (KHTML, like Gecko) Chrome/39.0.2171.71 Safari/537.36"
V,kdabwan,links.html,1,50.152.210.13,"Thursday, 11. December 2014 12:18PM","Mozilla/5.0 (Macintosh; Intel Mac OS X 10_10_1) AppleWebKit/537.36 (KHTML, like Gecko) Chrome/39.0.2171.71 Safari/537.36"
V,kdabwan,home.html,1,50.152.210.13,"Thursday, 11. December 2014 12:18PM","Mozilla/5.0 (Macintosh; Intel Mac OS X 10_10_1) AppleWebKit/537.36 (KHTML, like Gecko) Chrome/39.0.2171.71 Safari/537.36"
V,kdabwan,links.html,1,50.152.210.13,"Thursday, 11. December 2014 12:18PM","Mozilla/5.0 (Macintosh; Intel Mac OS X 10_10_1) AppleWebKit/537.36 (KHTML, like Gecko) Chrome/39.0.2171.71 Safari/537.36"
V,kdabwan,shorts.html/fcdnutAcTS_,1,50.152.210.13,"Thursday, 11. December 2014 12:18PM","Mozilla/5.0 (Macintosh; Intel Mac OS X 10_10_1) AppleWebKit/537.36 (KHTML, like Gecko) Chrome/39.0.2171.71 Safari/537.36"
V,kdabwan,shorts.html/fcdnutAcTS,1,50.152.210.13,"Thursday, 11. December 2014 12:55PM","Mozilla/5.0 (Macintosh; Intel Mac OS X 10_10_1) AppleWebKit/537.36 (KHTML, like Gecko) Chrome/39.0.2171.71 Safari/537.36"
V,kdabwan,home.html,1,50.152.210.13,"Thursday, 11. December 2014 12:55PM","Mozilla/5.0 (Macintosh; Intel Mac OS X 10_10_1) AppleWebKit/537.36 (KHTML, like Gecko) Chrome/39.0.2171.71 Safari/537.36"
V,kdabwan,shorts.html/fcdnutAcTS,1,50.152.210.13,"Thursday, 11. December 2014 12:58PM","Mozilla/5.0 (Macintosh; Intel Mac OS X 10_10_1) AppleWebKit/537.36 (KHTML, like Gecko) Chrome/39.0.2171.71 Safari/537.36"
V,kdabwan,home.html,1,50.152.210.13,"Thursday, 11. December 2014 12:58PM","Mozilla/5.0 (Macintosh; Intel Mac OS X 10_10_1) AppleWebKit/537.36 (KHTML, like Gecko) Chrome/39.0.2171.71 Safari/537.36"
V,kdabwan,home.html,1,50.152.210.13,"Thursday, 11. December 2014 01:34PM","Mozilla/5.0 (Macintosh; Intel Mac OS X 10_10_1) AppleWebKit/537.36 (KHTML, like Gecko) Chrome/39.0.2171.71 Safari/537.36"
V,kdabwan,links.html,1,50.152.210.13,"Thursday, 11. December 2014 01:34PM","Mozilla/5.0 (Macintosh; Intel Mac OS X 10_10_1) AppleWebKit/537.36 (KHTML, like Gecko) Chrome/39.0.2171.71 Safari/537.36"
V,kdabwan,shorts.html/fcdnutAcTS_,1,50.152.210.13,"Thursday, 11. December 2014 01:34PM","Mozilla/5.0 (Macintosh; Intel Mac OS X 10_10_1) AppleWebKit/537.36 (KHTML, like Gecko) Chrome/39.0.2171.71 Safari/537.36"
V,kdabwan,shorts.html/fcdnutAcTS_,1,50.152.210.13,"Thursday, 11. December 2014 01:35PM","Mozilla/5.0 (Macintosh; Intel Mac OS X 10_10_1) AppleWebKit/537.36 (KHTML, like Gecko) Chrome/39.0.2171.71 Safari/537.36"
V,kdabwan,shorts.html/fcdnutAcTS_,1,50.152.210.13,"Thursday, 11. December 2014 01:36PM","Mozilla/5.0 (Macintosh; Intel Mac OS X 10_10_1) AppleWebKit/537.36 (KHTML, like Gecko) Chrome/39.0.2171.71 Safari/537.36"
V,kdabwan,shorts.html/fcdnutAcTS_,1,50.152.210.13,"Thursday, 11. December 2014 01:37PM","Mozilla/5.0 (Macintosh; Intel Mac OS X 10_10_1) AppleWebKit/537.36 (KHTML, like Gecko) Chrome/39.0.2171.71 Safari/537.36"
V,kdabwan,shorts.html/fcdnutAcTS_,1,50.152.210.13,"Thursday, 11. December 2014 01:37PM","Mozilla/5.0 (Macintosh; Intel Mac OS X 10_10_1) AppleWebKit/537.36 (KHTML, like Gecko) Chrome/39.0.2171.71 Safari/537.36"
V,anonymous,shorts.html/fcdnutAcTS_,1,50.152.210.13,"Thursday, 11. December 2014 01:39PM",Mozilla/5.0 (Macintosh; Intel Mac OS X 10.10; rv:34.0) Gecko/20100101 Firefox/34.0
V,anonymous,shorts.html/fcdnutAcTS_,1,50.152.210.13,"Thursday, 11. December 2014 01:43PM",Mozilla/5.0 (Macintosh; Intel Mac OS X 10.10; rv:34.0) Gecko/20100101 Firefox/34.0
V,kdabwan,shorts.html/fcdnutAcTS_,1,50.152.210.13,"Thursday, 11. December 2014 01:44PM","Mozilla/5.0 (Macintosh; Intel Mac OS X 10_10_1) AppleWebKit/537.36 (KHTML, like Gecko) Chrome/39.0.2171.71 Safari/537.36"
V,kdabwan,shorts.html/fcdnutAcTS_,1,50.152.210.13,"Thursday, 11. December 2014 01:44PM","Mozilla/5.0 (Macintosh; Intel Mac OS X 10_10_1) AppleWebKit/537.36 (KHTML, like Gecko) Chrome/39.0.2171.71 Safari/537.36"
V,anonymous,shorts.html/fcdnutAcTS_,1,50.152.210.13,"Thursday, 11. December 2014 01:45PM",Mozilla/5.0 (Macintosh; Intel Mac OS X 10.10; rv:34.0) Gecko/20100101 Firefox/34.0
V,anonymous,shorts.html/fcdnutAcTS_,1,50.152.210.13,"Thursday, 11. December 2014 01:45PM",Mozilla/5.0 (Macintosh; Intel Mac OS X 10.10; rv:34.0) Gecko/20100101 Firefox/34.0
V,anonymous,shorts.html/fcdnutAcTS_,1,50.152.210.13,"Thursday, 11. December 2014 01:46PM",Mozilla/5.0 (Macintosh; Intel Mac OS X 10.10; rv:34.0) Gecko/20100101 Firefox/34.0
V,kdabwan,shorts.html/fcdnutAcTS_,1,50.152.210.13,"Thursday, 11. December 2014 01:47PM","Mozilla/5.0 (Macintosh; Intel Mac OS X 10_10_1) AppleWebKit/537.36 (KHTML, like Gecko) Chrome/39.0.2171.71 Safari/537.36"
V,kdabwan,shorts.html/fcdnutAcTS_,1,50.152.210.13,"Thursday, 11. December 2014 01:48PM","Mozilla/5.0 (Macintosh; Intel Mac OS X 10_10_1) AppleWebKit/537.36 (KHTML, like Gecko) Chrome/39.0.2171.71 Safari/537.36"
V,kdabwan,shorts.html/fcdnutAcTS_,1,50.152.210.13,"Thursday, 11. December 2014 01:48PM","Mozilla/5.0 (Macintosh; Intel Mac OS X 10_10_1) AppleWebKit/537.36 (KHTML, like Gecko) Chrome/39.0.2171.71 Safari/537.36"
V,kdabwan,shorts.html/fcdnutAcTS_,1,50.152.210.13,"Thursday, 11. December 2014 01:49PM","Mozilla/5.0 (Macintosh; Intel Mac OS X 10_10_1) AppleWebKit/537.36 (KHTML, like Gecko) Chrome/39.0.2171.71 Safari/537.36"
V,kdabwan,shorts.html/fcdnutAcTS_,1,50.152.210.13,"Thursday, 11. December 2014 01:50PM","Mozilla/5.0 (Macintosh; Intel Mac OS X 10_10_1) AppleWebKit/537.36 (KHTML, like Gecko) Chrome/39.0.2171.71 Safari/537.36"
V,kdabwan,shorts.html/fcdnutAcTS_,1,50.152.210.13,"Thursday, 11. December 2014 01:50PM","Mozilla/5.0 (Macintosh; Intel Mac OS X 10_10_1) AppleWebKit/537.36 (KHTML, like Gecko) Chrome/39.0.2171.71 Safari/537.36"
V,kdabwan,shorts.html/fcdnutAcTS_,1,50.152.210.13,"Thursday, 11. December 2014 01:51PM","Mozilla/5.0 (Macintosh; Intel Mac OS X 10_10_1) AppleWebKit/537.36 (KHTML, like Gecko) Chrome/39.0.2171.71 Safari/537.36"
V,kdabwan,shorts.html/fcdnutAcTS_,1,50.152.210.13,"Thursday, 11. December 2014 01:52PM","Mozilla/5.0 (Macintosh; Intel Mac OS X 10_10_1) AppleWebKit/537.36 (KHTML, like Gecko) Chrome/39.0.2171.71 Safari/537.36"
V,anonymous,shorts.html/fcdnutAcTS_,1,50.152.210.13,"Thursday, 11. December 2014 01:52PM",Mozilla/5.0 (Macintosh; Intel Mac OS X 10.10; rv:34.0) Gecko/20100101 Firefox/34.0
V,anonymous,shorts.html/fcdnutAcTS_,1,50.152.210.13,"Thursday, 11. December 2014 01:53PM",Mozilla/5.0 (Macintosh; Intel Mac OS X 10.10; rv:34.0) Gecko/20100101 Firefox/34.0
V,anonymous,shorts.html/fcdnutAcTS_,1,50.152.210.13,"Thursday, 11. December 2014 01:53PM",Mozilla/5.0 (Macintosh; Intel Mac OS X 10.10; rv:34.0) Gecko/20100101 Firefox/34.0
V,anonymous,shorts.html/fcdnutAcTS_,1,50.152.210.13,"Thursday, 11. December 2014 01:54PM",Mozilla/5.0 (Macintosh; Intel Mac OS X 10.10; rv:34.0) Gecko/20100101 Firefox/34.0
V,anonymous,shorts.html/fcdnutAcTS_,1,50.152.210.13,"Thursday, 11. December 2014 01:54PM",Mozilla/5.0 (Macintosh; Intel Mac OS X 10.10; rv:34.0) Gecko/20100101 Firefox/34.0
V,anonymous,shorts.html/fcdnutAcTS_,1,50.152.210.13,"Thursday, 11. December 2014 01:55PM",Mozilla/5.0 (Macintosh; Intel Mac OS X 10.10; rv:34.0) Gecko/20100101 Firefox/34.0
V,anonymous,shorts.html/fcdnutAcTS_,1,50.152.210.13,"Thursday, 11. December 2014 01:55PM",Mozilla/5.0 (Macintosh; Intel Mac OS X 10.10; rv:34.0) Gecko/20100101 Firefox/34.0
V,anonymous,shorts.html/fcdnutAcTS_,1,50.152.210.13,"Thursday, 11. December 2014 01:55PM",Mozilla/5.0 (Macintosh; Intel Mac OS X 10.10; rv:34.0) Gecko/20100101 Firefox/34.0
V,anonymous,shorts.html/fcdnutAcTS_,1,50.152.210.13,"Thursday, 11. December 2014 01:55PM",Mozilla/5.0 (Macintosh; Intel Mac OS X 10.10; rv:34.0) Gecko/20100101 Firefox/34.0
V,anonymous,shorts.html/fcdnutAcTS_,1,50.152.210.13,"Thursday, 11. December 2014 01:56PM",Mozilla/5.0 (Macintosh; Intel Mac OS X 10.10; rv:34.0) Gecko/20100101 Firefox/34.0
V,anonymous,shorts.html/fcdnutAcTS_,1,50.152.210.13,"Thursday, 11. December 2014 01:57PM",Mozilla/5.0 (Macintosh; Intel Mac OS X 10.10; rv:34.0) Gecko/20100101 Firefox/34.0
V,anonymous,shorts.html/fcdnutAcTS_,1,50.152.210.13,"Thursday, 11. December 2014 01:57PM",Mozilla/5.0 (Macintosh; Intel Mac OS X 10.10; rv:34.0) Gecko/20100101 Firefox/34.0
V,kdabwan,shorts.html/fcdnutAcTS_,1,50.152.210.13,"Thursday, 11. December 2014 02:11PM","Mozilla/5.0 (Macintosh; Intel Mac OS X 10_10_1) AppleWebKit/537.36 (KHTML, like Gecko) Chrome/39.0.2171.71 Safari/537.36"
V,kdabwan,shorts.html/fcdnutAcTS_,1,50.152.210.13,"Thursday, 11. December 2014 02:11PM","Mozilla/5.0 (Macintosh; Intel Mac OS X 10_10_1) AppleWebKit/537.36 (KHTML, like Gecko) Chrome/39.0.2171.71 Safari/537.36"
V,kdabwan,shorts.html/fcdnutAcTS_,1,50.152.210.13,"Thursday, 11. December 2014 02:25PM","Mozilla/5.0 (Macintosh; Intel Mac OS X 10_10_1) AppleWebKit/537.36 (KHTML, like Gecko) Chrome/39.0.2171.71 Safari/537.36"
V,kdabwan,shorts.html/fcdnutAcTS_,1,50.152.210.13,"Thursday, 11. December 2014 02:25PM","Mozilla/5.0 (Macintosh; Intel Mac OS X 10_10_1) AppleWebKit/537.36 (KHTML, like Gecko) Chrome/39.0.2171.71 Safari/537.36"
V,kdabwan,shorts.html/fcdnutAcTS_,1,50.152.210.13,"Thursday, 11. December 2014 02:27PM","Mozilla/5.0 (Macintosh; Intel Mac OS X 10_10_1) AppleWebKit/537.36 (KHTML, like Gecko) Chrome/39.0.2171.71 Safari/537.36"
